,first_name,last_name,address,phone,email,bio,credit_card_info
0,Barbara,Mccurdy,471 Mccann Street Apt. 261
West Miranda, IA 27364,3604367130,xkpzkxv@gmail.com,Value ten morning. History office create almost. Worker per star glass common worry similar.
Best care voice. She pay name event.,3.6505E+15
1,Misty,King,3642 Hodge Brooks
Port Arthur, DE 08979,1375097006,rbtmbin@gmail.com,Deal every nearly age. Mouth reason poor marriage nature. I room instead room force drive same. Later decide concern feel.,1.73118E+15
2,Ricardo,Hammond,9049 Williams Vista Suite 779
Erikaberg, AZ 30813,6327017577,jyibijy@gmail.com,Field cause statement analysis. Often once parent total behind the dream.,4.48341E+15
3,Tessa,Hall,47526 Fowler Junction Suite 334
Moniqueport, WY 03926,3768762760,rhytmmy@gmail.com,Rest interview miss another effort friend bit short. Job citizen cover single process down event.
Either available start build beyond. Street role it mean.,1.67598E+15
4,Marco,Jones,56924 Estrada Shoals
North Brandi, KS 46058,9214382499,tgtyslf@gmail.com,Right method task likely. Television call agency space our budget. High appear provide civil floor see.,4.71792E+15
5,Juanita,Serio,56469 Lynn Ferry Apt. 520
Port Mary, NM 75599,1060486555,sbclwly@gmail.com,Body identify close item. Manage fund field wife western time.,3.18751E+15
6,Jessica,Mccoy,98004 Christina Plains Apt. 168
Alexisfort, IL 08001,4354687848,iquftpy@gmail.com,This within should the would. Author child every last thought style voice. Marriage miss trouble organization standard base from deep. Short world consider theory so.,5.21085E+13
7,Richard,Smith,257 Vargas Views Apt. 332
Kimland, OH 21817,5305161861,osttwmw@gmail.com,East that treat sometimes service human. Apply grow Republican produce wait.
Fear page alone once standard friend. Thousand best father above sell yourself. Chance figure camera item when list see.,9.81785E+15
8,Dean,Franks,3778 Kevin Mountain
Bethanyville, LA 60206,521560000,bvufstx@gmail.com,Consumer investment actually. Process avoid walk defense body image. Quality we thousand must.,3.01775E+15
9,Kimberly,Halcomb,Unit 7307 Box 4159
DPO AE 68656,4439899886,sijopuk@gmail.com,Simple wall meeting amount. Will team other ago lawyer. After main decide summer attack blue police.
Push computer you country student name same. Left arm carry. Treatment manager voice speak.,3.91831E+15
10,Ellen,Humpherys,874 Blankenship Village Apt. 761
Lake Brianfurt, CA 56918,8537737566,vmvewsi@gmail.com,Trouble appear group program here place. Including he treat stand.
Change learn general attorney. Treat increase on national politics. Family contain fact field exactly environment.,3.78716E+14
11,Michael,Layne,4348 William Run
Gallaghermouth, KY 74137,9538058854,ikemjjx@gmail.com,Late soon manage whom collection Democrat support. Nearly institution meeting but talk full.
Check least alone bit. Commercial wait form hospital. Apply behavior Congress teach.,9.15183E+15
12,Mark,Hamm,67157 Richard Parks
Port Edwardstad, CO 84190,1132081676,mjtbjzl@gmail.com,Center material force street operation rock. Cell amount land live rule place. Home four pay soldier culture. Picture middle service agency team film.,9.87232E+15
13,Malcolm,Harrison,3269 Cristina Estates Apt. 922
Elliottbury, LA 78100,394561239,rtjmjtd@gmail.com,Its foot generation move avoid language north. Act six use field notice your sit. Analysis yourself seven really.
Answer catch after day. Drop film base edge.,1.52981E+15
14,Amy,Brandt,9561 Lori Forks Apt. 499
Maxwellside, CT 73956,2680775789,bkuqwvj@gmail.com,Summer matter recently bill measure. Experience course throw civil make.
Themselves box too opportunity.,1.81573E+15
15,Pedro,Henderson,0917 Russell Overpass
Rayport, NV 61795,1234620077,aqgwuey@gmail.com,Enough cup main south many. Explain mention reality tend hour power.
Skin soldier safe research draw bed responsibility film. Street remember discover along large.,7.10851E+14
16,Carol,Askew,1604 Duarte Island Apt. 198
South Makaylamouth, WA 04636,5490267979,riftccg@gmail.com,Seat care from sell measure religious work.
Role type shoulder recognize represent. Degree low between child name important doctor me.,8.20303E+15
17,Lola,Howington,2958 Johnson Way
North Gregory, WA 22922,1354082878,pswzztb@gmail.com,Current president natural between rest. Sit air many light wind.,5.03729E+15
18,Victor,Vanhoose,713 Christine Extension Suite 356
Nicholestad, NM 40231,750831613,hfmakuz@gmail.com,Movie like successful first. No let perform seem recently few.
House wear moment new. Yet discover indeed. I perform issue note last throw field.,4.54911E+15
19,Michelle,Benjamin,60693 Hill Road Apt. 596
Brandonchester, CA 50130,7761108423,gzkacpu@gmail.com,First two you decade film reality. Tv international effect film. Office it thank step region outside position. Food beautiful recent thing term floor protect.,1.28452E+15
